[{"id":"11","name":"서울특별시"},{"id":"26","name":"부산광역시"},{"id":"27","name":"대구광역시"},{"id":"28","name":"인천광역시"},{"id":"29","name":"광주광역시"},{"id":"30","name":"대전광역시"},{"id":"31","name":"울산광역시"},{"id":"36","name":"세종특별자치시"},{"id":"41","name":"경기도"},{"id":"42","name":"강원도"},{"id":"43","name":"충청북도"},{"id":"44","name":"충청남도"},{"id":"45","name":"전라북도"},{"id":"46","name":"전라남도"},{"id":"47","name":"경상북도"},{"id":"48","name":"경상남도"},{"id":"50","name":"제주특별자치도"}]